,,Akorem
,,Alenis
,,Anara
,,Anjohl
,,Avesta
,,Azin
,,Bareil
,,Baltrim
,,Basso
,,Bek
,,Belar
,,Bemar
,,Benten
,,Bodan
,,Bolka
,,Brilgar
,,Borum
,,Brin
,,Chalan
,,Ches'sarro
,,Day
,,Deela
,,Dekon
,,Eblan
,,Els
,,Ermat
,,Fala
,,Faren
,,Furel
,,Galis
,,Gantt
,,Gerron
,,Gettor
,,Gia
,,Girani
,,Gramm
,,Halb
,,Hazar
,,Heler
,,Horis
,,Horran
,,Hortak
,,Ibudan
,,Imutta
,,Ishan
,,Jabara
,,Jaro
,,Jas
,,Jatarn
,,Jillur
,,Jomat
,,Kainon
,,Kalem
,,Kara
,,Kaval
,,Keena
,,Keeve
,,Kesha
,,Kira
,,Klin
,,Koral
,,Koran
,,Krim
,,Kubus
,,Lai
,,Laira
,,Lamonay
,,Latara
,,Latha
,,Leeta
,,Lenaris
,,Li
,,Li-Paz
,,Lisea
,,Lobo
,,Lorit
,,Luma
,,Lupaza
,,Marat
,,Mardah
,,Marika
,,Mera
,,Meressa
,,Mobara
,,Mora
,,Mullibok
,,Nane
,,Neela
,,Ojuy
,,Okala
,,Onara
,,Opaka
,,Oram
,,Ornak
,,Orta
,,Ossan
,,Pelin
,,Pinar
,,Porta
,,Proka
,,Quen
,,Ro
,,Razka
,,Redab
,,Reiskin
,,Rhit
,,Roana
,,Romara
,,Rota
,,Rozahn
,,Shakaar
,,Saghi
,,Sarish
,,Sarjeno
,,Sebarr
,,Seelee
,,Shabren
,,Shaxs
,,Sirco
,,Sito
,,Solbor
,,Solis
,,Sorad
,,Surmak
,,Tabor
,,Tagana
,,Tahna
,,Tal
,,Talnot
,,Talpet
,,Taluno
,,Teero
,,Tekoa
,,Telna
,,Timor
,,Tolena
,,Tonsa
,,Topek
,,Tor
,,Tora
,,Toran
,,Trakor
,,Trazko
,,Trentin
,,Ungtae
,,Vaatrik
,,Varani
,,Varis
,,Weld
,,Winn
,,Woban
,,Y'Pora
,,Yarka
,,Yassim
,,Yeln
,,Yendar
,,Zayra
,,Zocal