,,Lumasan
,,Benarianute
,,Byxthaxs
,,Taryl
,,Basizz
,,Rif
,,Gerrecho
,,Kull
,,Marikala
,,Leet
,,Artinthofar
,,Ixx
,,Waenarekonsan
,,Bar
,,Li
,,Chalduk
,,Ulthanalin
,,Chal
,,Finirana
,,Kain
,,Sar
,,Vaats
,,Wae
,,Faren
,,Ro
,,Soorithornnar
,,Anlel
,,Kra
,,Borta
,,Aen
,,Telnambor
,,Zay
,,Bemasana
,,Tren
,,Kelon
,,Jentanarf
,,Soro
,,Paz
,,Rizz
,,Glic
,,Varos
,,Romar Dannispazar
,,Virra
,,Tor
,,Yeln
,,Rogassan
,,Ibus
,,Sar
,,Neelar
,,Somchur
,,Hor
,,Neolbor
,,Okala
,,Li-Paz
,,Brex
,,Wobarren
,,Alenaranik
,,Glal
,,Fyyl
,,Renaritharenathabrim
,,Bersito
,,Nemardaclien
,,Fin
,,Tal
,,Mar
,,Arth
,,Vilanton
,,Finon
,,Ungroll
,,Dvorasso
,,Ultharos
,,Loxx
,,Ganth
,,Cha
,,Jolenthalash
,,Fyyl
,,Gilma
,,Deena
,,S'Bysha
,,Dor
,,Nispavan
,,Tanea
,,Zhit
,,S'Bys
,,Lath
,,Pol
,,Duren
,,Horis
,,Zen
,,Tevro
,,Dor
,,Dekoren
,,Fyashalpek
,,Nea
,,Talpet
,,Haron
,,Keero
,,Astrun
,,Arth
,,Bardyse
,,Zhi
,,Calculmat
,,Laithar
,,Trav
,,Dee
,,Tran
,,Kav
,,Ungtaen
,,Yelash
,,Varan
,,Finiendan
,,Thanik
,,Gal
,,Ungtaen
,,Kazarn
,,Kav
,,Wobarav
,,Vasson
,,Anlinar
,,Lobor
,,Thrithaasso
,,Jabara
,,Mora
,,D'Vasret
,,Zifen
,,Loris
,,Mardeckna
,,Naithani
,,Dennar
,,Reis
,,Dorsitha
,,Tydor
,,Hasan
,,Sito
,,Araveck
,,Gal
,,Rhonarian
,,Pilgast
,,Arthint
,,Sonza-Kullinveelefrin
,,Tambor
,,Tren
,,Waenara
,,Talona
,,Latambor
,,Shanradeel
,,Karp
,,Tra
,,Gerren
,,Kaldendari
,,Thren
,,Polevreiranekoana
,,Nait
,,Kif
,,Kallinveevet
,,Kainok
,,Ulos
,,Shezalduk
,,Klinonzar
,,Hol
,,Shel
,,Zona
,,Gramon
,,Reis
,,Sira
,,Ixxen
,,Mertara
,,Akorta
,,Skur
,,Radros
,,Huwaldo
,,Anth
,,Sol
,,Akordys
,,Reil
,,Kaza
,,Ressithanek
,,Tengros
,,Surelit
,,Radros
,,Sem
,,Enat
,,Xer
,,Chira
,,Velin
,,Yendar
,,Gaav
,,Bardahn
,,Tor
,,Virtagan
,,Jomat
,,Rhi
,,Ryzen
,,Lathabrimena
,,Opaka
,,Neil
,,Ungtae
,,Mosheil
,,Benzon
,,Nancreda
,,Mosel
,,Keevarzald
,,Rif
,,Deo
,,Kain
,,Lai
,,Lain
,,Royoron
,,Faall
,,Ellibokk
,,Vin
,,Lise
,,Hrev
,,Ryzen
,,Senishena
,,Ojuy
,,Kai
,,Sor
,,Chab
,,Waen
,,Belar
,,Jorson
,,Emini
,,Dorsona
,,Maruch
,,Vane
,,Nain
,,Beno
,,Roa
,,Fyas
,,Prokk
,,Jar
,,Ornarin
,,Anlen
,,Pol
,,Treve
,,Grim
,,Hass
,,Thezaldus
,,Arat
,,Gom
,,Refnerak
,,Arnea
,,Ibmar
,,Sentharim
,,Bok
,,Dorsh
,,Aenzon
,,Yelanra
,,Skurelarza
,,Mikala
,,Horin
,,Pornot
,,Lam
,,Jek
,,Bentinthonu
,,Neilash
,,Vari
,,Kirco
,,Molashuren
,,Soor
,,Sil
,,Ara
,,Neerassizhral
,,Deer
,,D'Jin
,,Ulos
,,Ryzek
,,Fyyl
,,Baldor
,,Veln
,,Yot
,,Morakoa
,,Kaveskel
,,Tal
,,Gorant
,,Brilmen
,,Kitharis
,,Duran
,,Rotarak
,,Tab
,,Artinto
,,Vaatra
,,Prazka
,,Leelantentin
,,Kav
,,Koden
,,Nantain
,,Seelg
,,Okar
,,Talon
,,Mika
,,Shab
,,Yani
,,Y'Pol
,,Dos
,,Perin
,,Duraatralb
,,Radraav
,,Min
,,Yashan
,,Ell
,,Des
,,Virra
,,Pina
,,Juranit
,,Cor
,,Deel
,,Roza
,,Baraldora
,,Antharp
,,Grim
,,Tonz
,,Poraveerellem
,,Hor
,,Oxilganash
,,Elka
,,Prokk
,,Sornnis
,,Kesta
,,Rom
,,Glal
,,Yass
,,Rian
,,Traz
,,Na