Pedro,,Ibanez
Carmen,,Garcia
Goncalo,,Da Silva
John,,Smith
Mikhail,,Horchuk
Ari,,Spiegelman
Pierre,,Lacroix
Jamal,,Ahmad
Ifetayo,,Nwosu
Nala,,Zuberi
Isamu,,Tanaka
Shihan,,Liao
Eko,,Siahaan
Henare,,Te Wiata
,,Wu
,,Zhang
,,Chen
,,Tsang
,,Chow
,,Leung
,,Zhou
,,Yip
,,Tang
,,Liu
,,Yang
,,Hsu
,,Lin
,,Kwok
,,Tan
,,Kim
,,Lee
,,Hwang
,,Wang
,,Wong
,,Suzuki
,,Yamamoto
,,Sato
,,Yoshida
,,Kojima
,,De La Cruz
,,Gonzalez
,,Perez
,,Martinez
,,Hernandez
,,Diaz
,,Cruz
,,Aguilar
,,Vasquez
,,Garcia
,,Alonso
,,Sanchez
,,Delgado
,,Flores
,,Nixon
,,Johnson
,,Williams
,,Taylor
,,Davis
,,Thomas
,,Edwards
,,Walker
,,Thompson
,,O'Donnell
,,Kennedy
,,Stewart
,,Campbell
,,Lesperance
,,Beaufort
,,Fournier
,,Blanc
,,Arnault
,,Schmidt
,,Mueller
,,Becker
,,Fischer
,,Klein
,,Carvalho
,,Sousa
,,Pereira
,,De Jong
,,Van Gunst
,,Eriksson
,,Jensen
,,Hansen
,,Anderberg
,,Bianchi
,,Rossi
,,Colombo
,,Valentino
,,Ricci
,,Russo
,,Esposito
,,Kowalski
,,Kowalska
,,Wojcik
,,Nowak
,,Szymanski
,,Szymanska
,,Suk
,,Svoboda
,,Dvorak
,,Horvath
,,Albescu
,,Popa
,,Radu
,,Nagy
,,Kovacs
,,Cvetkovic
,,Savic
,,Knezevic
,,Georgiou
,,Aetos
,,Papadopoulos
,,Bondar
,,Shevchenko
,,Kul
,,Melnyk
,,Popovych
,,Smirnov
,,Smirnova
,,Kulakov
,,Kulakova
,,Sergeev
,,Sergeeva
,,Vasilevsky
,,Dimitriev
,,Dimitrieva
,,Obolensky
,,Savin
,,Chaim
,,Cohen
,,Goldstein
,,Katz
,,Sandler
,,Lakatos
,,Orsos
,,Olah
,,Kask
,,Jarvinen
,,Kazlauskas
,,Berzins
,,Berzina
,,Fayzulin
,,Ibragimov
,,Muhamedov
,,Aslan
,,Giray
,,Sagdiyev
,,Zadeh
,,Rajabli
,,Mustafin
,,Sadykov
,,Musayev
,,Acik
,,Yildiz
,,Kaya
,,Ozturk
,,Batbayar
,,Gantulga
,,Batozhabai
,,Koksal
,,Malsagnaqan
,,Kushan
,,Marjan
,,Sarbaz
,,Alvi
,,Hussain
,,Chowdhury
,,Dawar
,,Warraich
,,Niazi
,,Qureshi
,,Astarabadi
,,Alinejad
,,Balkhi
,,Dabbaghi
,,Ghoreishi
,,Hajati
,,Farzan
,,Najafi
,,Massoud
,,Safavi
,,Bachchan
,,Patel
,,Adarsh
,,Gujral
,,Haksar
,,Kapoor
,,Lalwani
,,Mahtani
,,Mishra
,,Pyne
,,Ramassamy
,,Phukan
,,Dutta
,,Bhaduri
,,Lahiri
,,Gadhavi
,,Lakhani
,,Shah
,,Dhar
,,Koijam
,,Ngangbam
,,Patil
,,Basavaraju
,,Raavi
,,Bhardwaj
,,Devkota
,,Trivedi
,,Nguyen
,,Thai
,,Dang
,,Phan
,,San
,,Sri
,,Kang
,,Suwannathat
,,Thepnakorn
,,Sukkasem
,,Tancharoen
,,Khin
,,Maung
,,Phommachanh
,,Xayavong
,,Vongphakdy
,,Tsui
,,Lam
,,Panganiban
,,Kalaw
,,Canilao
,,Intan
,,Melati
,,Kiambang
,,Al-Qadri
,,Bangun
,,Chia
,,Jadibata
,,Karo-karo
,,Manik
,,Ng
,,Puk
,,Shihab
,,Thian
,,Ackbar
,,Akau
,,Ikilei
,,Kahale
,,Narain
,,Paewai
,,Pangai
,,Tilo
,,Tua
,,Vikram
,,Teriyong
,,Dlamini
,,Ilunga
,,Lubea
,,M'Bala
,,Manjate
,,Mbugua
,,Ndhlovu
,,Tshabalala
,,Fayulu
,,Kasongo
,,Ngoy
,,Mukarakate
,,Cheboi
,,Shabani
,,Motsepe
,,Jabavu
,,Mbeki
,,Sisulu
,,Dlungwana
,,Qwabe
,,Radebe
,,Zuma
,,Soueilem
,,Slahi
,,Dembele
,,Kone
,,Yeboah
,,Danquah
,,Enam
,,Usman
,,Okon
,,Chukwu
,,Djimet
,,Moussa
,,Akech
,,Mutesi
,,Dusabe
,,Odhiambo
,,Juma
,,Shumba
,,Mungoshi
,,Oko
,,Itoua
,,Abboud
,,Abdi
,,Abdullah
,,Adham
,,Al-Ahdal
,,Al-Ajlani
,,Al-Amri
,,Al-Fadhli
,,Al-Habsi
,,Al-Sayyed
,,Awad
,,Atiyah
,,Badr
,,Baha
,,Barghouti
,,Bashir
,,Boustani
,,Dawoud
,,Eid
,,Mohammed
,,Muhammad
,,Faheem
,,Faizan
,,Farid
,,Farooq
,,Ghali
,,Ghanem
,,Habib
,,Haddad
,,Hadi
,,Hafeez
,,Hamdi
,,Hariri
,,Hussein
,,Islam
,,Ismail
,,Jabr
,,Kadri
,,Kazem
,,Khattab
,,Malek
,,Qasim
,,Ramzan
,,Safadi
,,Salem
,,Tariq
,,Wahid
,,Yakub
,,Zahir
,,Zaid
,,Levy
,,Avraham
,,Klein
,,Joseph
,,Blomberg
,,Bull on the Hill
,,Running Horse
,,Chase in Winter
,,Cedar Face
,,Yellow Cloud
,,Bear Crane
,,Crazy Hawk
,,Crow Belly
,,Deer's Neck
,,Uwaite
,,Ahoka
,,Mescal
,,Dosela
,,Bylilly
,,Nez
,,Anoki
,,Enapay
,,Mato
,,Kan
,,Uh
,,Zopiyactle
,,Temoxtle
,,Xicotencatl
,,Uriana
,,Epieyuu
,,Apaza
,,Wayar
,,Rodriguez
,,Gomez
,,Alvarez
,,Munoz
,,Ortiz
,,Ramirez
,,Torres
