,,Arnet
,,Artinton
,,Balon
,,Baâ€™M'eel
,,Barak
,,Borth
,,Calculanthra
,,Caruch
,,Cophot
,,Croll
,,Ragmar Danneskjold
,,Dennisar
,,Nashi
,,Donat
,,Finit
,,Ganik
,,Ganz
,,Golenz
,,Bardeck
,,Gundin
,,Refner
,,Harza-Kull
,,Hassan
,,Holencas
,,Honar-Des
,,Huwald
,,Julin
,,Boyor
,,Jackel
,,Jarek
,,Jek
,,Jester
,,Jorva
,,Jovra
,,Juraav
,,Kai
,,Kazek
,,Kelbrim
,,Elkar
,,Ivra
,,Merkos
,,Savro
,,Imri
,,Kelon
,,Kestralnamen
,,Krassus
,,Krulmadden
,,Lasslanlin
,,Kecho
,,Arthas
,,Dufen
,,Madrav
,,Markav
,,Malic
,,Mentain
,,Emini
,,Fyash
,,Amehda
,,Emerak
,,Namtac
,,Narhal
,,Somchuk
,,Nispavan
,,Nodogascur
,,Deth
,,Nallin
,,Benthine
,,Parrec-Sut
,,Kaldo
,,Radras
,,Radros
,,Renat
,,Rento
,,Neil
,,Talduk
,,Sirav
,,Skevar
,,Skuros
,,Sooris
,,Sorris
,,Soron
,,Vintlel
,,Stavan
,,Tenger
,,Tonzak
,,Unlot
,,Vasro
,,Vic
,,Vloun
,,Ellefrin
,,Ibmar
,,Melani
,, D'ian
,,D'Jinnea
,,D'Vanna
,,D'Vela
,,Irina
,,Katam
,,Leata
,,Nalavia
,,Neera
,,Neras
,,Pilenna
,,Rogaine
,,Salma
,,S'Bysh
,,Susna
,,Taryl
,,Treir
,,Vila
,,Virra
,,Virta
,,Zina
,,Zona